"tx_tipo_artefato","tx_estado_artefato","id_artefato","nr_ano","id_uasg","in_estado","in_tipo","nm_uasg","id_unico","id_secao_artefato","nr_ordem_secao","no_secao_artefato","dt_operacao_secao","conteudo_secao","id_item_secao","nr_ordem_item","no_item","in_obrigatorio_item","dt_operacao_item","id_operacao_item","id_login_item"
Edital,Em Edição,2490130,2024,120195,3,10,CENTRO DE AQUISIÇÕES ESPECIFICAS,"120195/000230/2024",8912979,2,Edital de Pregão - menor preço,2024-07-31 10:37:28.486,"<p style=""list-style-type:none""><span style=""font-family:Arial,Helvetica,sans-serif"">​O custo da contrata&ccedil;&atilde;o &eacute; de R$ 1.105,79, e sua razoabilidade &eacute; baseada na Tabela de gratifica&ccedil;&atilde;o por encargo de curso/concurso, conforme Resolu&ccedil;&atilde;o CONSUNI n&ordm; 28/2019, e nos limites do Decreto 11.069/2022 do Poder Executivo.</span></p>
",8912979,8,Estimativa do Valor da Contratação,S,2022-11-09 15:18:32.449,2,83589457791
Edital,Excluído,2947858,2024,102101,1,10,ESP-UNIVERSIDADE DE SAO PAULO,"102101/000003/2024",10520737,3,Responsáveis,2024-11-13 14:39:30.022,"<ol>
	<li style=""text-align:justify"">O edital de licita&ccedil;&atilde;o para registro de pre&ccedil;os observar&aacute; as regras gerais estabelecidas na Lei n&ordm; 14.133,de 2021&nbsp;</li>
	<li style=""text-align:justify"">A exist&ecirc;ncia de pre&ccedil;os registrados n&atilde;o obriga a Administra&ccedil;&atilde;o a firmar as contrata&ccedil;&otilde;es que dele poder&atilde;o advir, facultando-se a realiza&ccedil;&atilde;o de licita&ccedil;&atilde;o espec&iacute;fica para a contrata&ccedil;&atilde;o pretendida, sendo assegurada ao benefici&aacute;rio do registro a prefer&ecirc;ncia de fornecimento em igualdade de condi&ccedil;&otilde;es;</li>
	<li style=""text-align:justify"">Os bens objeto deste Termo, dever&atilde;o ser observados como obriga&ccedil;&atilde;o das empresas contratadas, no que couber, os crit&eacute;rios de sustentabilidade ambiental, contidos no art. 170 da CF/1988, ao art. 3&ordm; da Lei n&ordm; 8.666/93 alterado pela Lei n&ordm; 12.349 de 2010, a Lei 12.187/2009 e art. 6&ordm; da Instru&ccedil;&atilde;o Normativa n&ordm; 1/2010 da SLTI/MPOG, Decreto n&ordm; 7746/2012, seguindo as diretrizes de sustentabilidade,&nbsp;, como:&nbsp;</li>
</ol>

<p>&nbsp; &nbsp; &nbsp; &nbsp; &nbsp; &nbsp; &nbsp; &nbsp; I - baixo impacto sobre recursos naturais como flora, fauna, ar, solo e &aacute;gua; (Nova reda&ccedil;&atilde;o Decreto n&ordm;&nbsp; &nbsp; &nbsp; &nbsp; &nbsp; 9.178/2017)</p>

<p>&nbsp; &nbsp; &nbsp; &nbsp; &nbsp; &nbsp; &nbsp; &nbsp; &nbsp; &nbsp; &nbsp;II &ndash; prefer&ecirc;ncia para materiais, tecnologias e mat&eacute;rias-primas de origem local;</p>

<p>&nbsp; &nbsp; &nbsp; &nbsp; &nbsp; &nbsp; &nbsp; &nbsp; &nbsp; &nbsp; III &ndash; maior efici&ecirc;ncia na utiliza&ccedil;&atilde;o de recursos naturais como &aacute;gua e energia;</p>

<p>&nbsp; &nbsp; &nbsp; &nbsp; &nbsp; &nbsp; &nbsp; &nbsp; &nbsp; &nbsp; IV &ndash; maior gera&ccedil;&atilde;o de empregos, preferencialmente com m&atilde;o de obra local;</p>

<p>&nbsp; &nbsp; &nbsp; &nbsp; &nbsp; &nbsp; &nbsp; &nbsp; &nbsp; &nbsp; &nbsp;V &ndash; maior vida &uacute;til e menor custo de manuten&ccedil;&atilde;o do bem e da obra;</p>

<p>&nbsp; &nbsp; &nbsp; &nbsp; &nbsp; &nbsp; &nbsp; &nbsp; &nbsp; VI - uso de inova&ccedil;&otilde;es que reduzam a press&atilde;o sobre recursos naturais; (Nova reda&ccedil;&atilde;o Decreto n&ordm; 9.178/2017)</p>

<p>&nbsp; &nbsp; &nbsp; &nbsp; &nbsp; &nbsp; &nbsp; &nbsp; &nbsp;VII &ndash; origem ambientalmente regular dos recursos naturais utilizados nos bens, servi&ccedil;os e obras.</p>

<p>&nbsp; &nbsp; &nbsp; &nbsp; &nbsp; &nbsp; &nbsp; &nbsp; VIII - origem sustent&aacute;vel dos recursos naturais utilizados nos bens, nos servi&ccedil;os e nas obras; e (Decreto</p>

<p>&nbsp; &nbsp; &nbsp; &nbsp; &nbsp; &nbsp; &nbsp;n&ordm; 9.178/2017)</p>

<p>&nbsp; &nbsp; &nbsp; &nbsp; &nbsp; &nbsp; &nbsp; &nbsp; &nbsp;XI - utiliza&ccedil;&atilde;o de produtos florestais madeireiros e n&atilde;o madeireiros origin&aacute;rios de manejo florestal sustent&aacute;vel</p>

<p>&nbsp; &nbsp; &nbsp; &nbsp; &nbsp; ou de reflorestamento. Ainda na mesma Instru&ccedil;&atilde;o Normativa, no art. 5&deg; alguns dos crit&eacute;rios de sustentabilidade ambiental podem ser exigidos na descri&ccedil;&atilde;o do bem:</p>

<p>&nbsp; &nbsp; &nbsp; &nbsp; &nbsp; &nbsp; &nbsp; &nbsp; a) que os bens sejam constitu&iacute;dos, no todo ou em parte, pormaterial reciclado, at&oacute;xico, biodegrad&aacute;vel, conforme normas da ABNT &ndash; 15448-1 e 15448-2;</p>

<p>&nbsp; &nbsp; &nbsp; &nbsp; &nbsp; &nbsp; &nbsp; &nbsp; &nbsp;b) que sejam observados os requisitos ambientais para a obten&ccedil;&atilde;o de certifica&ccedil;&atilde;o como produtos sustent&aacute;veis ou de menor impacto ambiental em rela&ccedil;&atilde;o aos seus similares;</p>

<p>&nbsp; &nbsp; &nbsp; &nbsp; &nbsp; &nbsp; &nbsp; &nbsp; &nbsp;c) que os bens sejam, preferencialmente, acondicionados em embalagem individual adequada, com o menor volume poss&iacute;vel, que utilize materiais recicl&aacute;veis, de forma a garantir a m&aacute;xima prote&ccedil;&atilde;o durante o transporte e o armazenamento;</p>

<p>&nbsp; &nbsp; &nbsp; &nbsp; &nbsp; &nbsp; &nbsp; &nbsp; &nbsp; d) que os bens n&atilde;o contenham subst&acirc;ncias perigosas em concentra&ccedil;&atilde;o acima da recomendada na diretiva RoHS (Restriction of Certain Hazardous Substances), tais como merc&uacute;rio (Hg), chumbo (Pb),cromo hexavalente (Cr (VI)), c&aacute;dmio (Cd), bifenilpolibromados(PBBs), &eacute;teres difenil-polibromados (PBDEs).</p>

<p style=""text-align:justify"">&nbsp; &nbsp; 4.&nbsp; &nbsp; Como requisito para contrata&ccedil;&atilde;o , a contratada deve cumprir todas as obriga&ccedil;&otilde;es constantes no Edital, seus anexos e sua proposta, assumindo como exclusivamente seus os riscos e as despesas decorrentes da boa e perfeita execu&ccedil;&atilde;o do objeto e, ainda:</p>

<p style=""text-align:justify"">&nbsp; &nbsp; &nbsp; &nbsp; &nbsp; &nbsp; ,&nbsp; &nbsp; 4.1. Todos os itens devem estar de acordo com as Resolu&ccedil;&otilde;es da ANVISA, INMETRO e Normas e Legisla&ccedil;&otilde;es vigentes pertinentes &agrave; sua classifica&ccedil;&atilde;o. Q</p>

<p style=""text-align:justify"">&nbsp; &nbsp; &nbsp; &nbsp; &nbsp; &nbsp; &nbsp; &nbsp; &nbsp; &nbsp; &nbsp; &nbsp; 4.2. O prazo de validade dos bens ofertados n&atilde;o poder&aacute; ser inferior a 75% (sessenta e cinco por cento) do prazo de validade recomendado pelo fabricante.</p>

<p style=""text-align:justify"">&nbsp; &nbsp; &nbsp; &nbsp; &nbsp; &nbsp; &nbsp; &nbsp; &nbsp; 4.3. Caber&aacute; ao fornecedor registrado arcar com as despesas de embalagem e frete dos insumos a serem substitu&iacute;dos. Os equipamentos dever&atilde;o ser novos , bem embalados, para evitar danos durante o percurso da entrega Portanto, a aquisi&ccedil;&atilde;o dos materiais e instrumentais de uso odontol&oacute;gico, para distribui&ccedil;&atilde;o aos Polos Bases, Odonto-m&oacute;veis e comunidades ind&iacute;genas que est&atilde;o na jurisdi&ccedil;&atilde;o do DSEI GUATOC, dever&atilde;o estar nas condi&ccedil;&otilde;es, quantidades e exig&ecirc;ncias estabelecidas neste instrumento</p>

<p style=""text-align:justify"">&nbsp; &nbsp; &nbsp; &nbsp; &nbsp; &nbsp; &nbsp; &nbsp; &nbsp; &nbsp; &nbsp; &nbsp; &nbsp; 4.4. Vig&ecirc;ncia do contrato: O contrato ter&aacute; a vig&ecirc;ncia de 12 meses (meses/ano) podendo ser prorrogado por igual per&iacute;odo, desde que&nbsp; comprovado que o pre&ccedil;o &eacute; vantajoso, de acordo com o Art22 do Decreto 11.462 de&nbsp; 31 de mar&ccedil;o de 2023.</p>

<p style=""text-align:justify"">&nbsp; &nbsp; &nbsp; &nbsp; &nbsp; &nbsp; &nbsp; &nbsp; &nbsp; &nbsp; &nbsp; &nbsp; &nbsp; &nbsp; &nbsp;4.5. Exig&ecirc;ncia de amostra: os&nbsp;fornecedores dever&atilde;o enviar fotografia das amostras dos produtos ofertados</p>

<p style=""text-align:justify"">&nbsp; &nbsp; &nbsp; &nbsp; &nbsp; &nbsp; &nbsp; &nbsp; &nbsp; &nbsp; &nbsp; &nbsp;4.6. O recebimento provis&oacute;rio ou definitivo do objeto n&atilde;o exclui a responsabilidade da contratada pelos preju&iacute;zos resultantes da incorreta execu&ccedil;&atilde;o do contrato.</p>

<p style=""text-align:justify"">&nbsp; &nbsp; &nbsp; &nbsp; &nbsp; &nbsp; &nbsp; &nbsp; &nbsp; &nbsp; &nbsp; &nbsp; &nbsp;4.7. Os insumos&nbsp; poder&atilde;o ser rejeitados, no todo ou em parte, quando em desacordo com as especifica&ccedil;&otilde;es constantes neste ETP e na proposta, devendo ser substitu&iacute;dos no prazo de 15 (quinze) dias, a contar da notifica&ccedil;&atilde;o da contratada, &agrave;s suas custas, sem preju&iacute;zo da aplica&ccedil;&atilde;o das penalidades.</p>

<p style=""text-align:justify"">&nbsp; &nbsp; &nbsp; &nbsp; &nbsp; &nbsp; &nbsp; &nbsp; &nbsp; &nbsp; &nbsp; &nbsp; &nbsp; &nbsp; &nbsp; &nbsp;4.8.&nbsp;Qualquer despesa inerente ao processo de log&iacute;stica para entrega dos itens ficar&aacute; sob a responsabilidade do fornecedor registrado.</p>
",10520737,4,Descrição dos Requisitos da Contratação,S,2023-06-07 09:42:55.279,2,65735994204
Edital,Excluído,3149476,2025,785600,1,10,ESCOLA DE APRENDIZES-MARINHEIROS DE SC,"785600/000002/2025",11198625,1,Informações Básicas,2025-01-23 16:00:24.895,"<p style=""text-align:justify"">7.1. O contrato dever&aacute; ser executado fielmente pelas partes, de acordo com as cl&aacute;usulas aven&ccedil;adas e as normas da Lei n&ordm; 14.133, de 2021, e cada parte responder&aacute; pelas consequ&ecirc;ncias de sua inexecu&ccedil;&atilde;o total ou parcial.</p>

<p style=""text-align:justify"">7.2. Em caso de impedimento, ordem de paralisa&ccedil;&atilde;o ou suspens&atilde;o do contrato, o cronograma de execu&ccedil;&atilde;o ser&aacute; prorrogado automaticamente pelo tempo correspondente, anotadas tais circunst&acirc;ncias mediante simples apostila.</p>

<p style=""text-align:justify"">7.3. As comunica&ccedil;&otilde;es entre o &oacute;rg&atilde;o ou entidade e o contratado devem ser realizadas por escrito sempre que o ato exigir tal formalidade, admitindo-se o uso de mensagem eletr&ocirc;nica para esse fim.</p>

<p style=""text-align:justify"">7.4. O &oacute;rg&atilde;o ou entidade poder&aacute; convocar representante da empresa para ado&ccedil;&atilde;o de provid&ecirc;ncias que devam ser cumpridas de imediato.</p>

<p style=""text-align:justify""><strong>Preposto</strong></p>

<p style=""text-align:justify"">7.5. A Contratada designar&aacute; formalmente o preposto da empresa, antes do in&iacute;cio da presta&ccedil;&atilde;o dos servi&ccedil;os, indicando no instrumento os poderes e deveres em rela&ccedil;&atilde;o &agrave; execu&ccedil;&atilde;o do objeto contratado.</p>

<p style=""text-align:justify"">7.6. A Contratada dever&aacute; manter preposto da empresa dispon&iacute;vel durante o per&iacute;odo de vig&ecirc;ncia<br />
do contrato.</p>

<p style=""text-align:justify"">7.7. Contratante poder&aacute; recusar, desde que justificadamente, a indica&ccedil;&atilde;o ou a manuten&ccedil;&atilde;o do preposto da empresa, hip&oacute;tese em que a Contratada designar&aacute; outro para o exerc&iacute;cio da atividade.</p>

<p style=""text-align:justify""><strong>Reuni&atilde;o Inicial</strong></p>

<p style=""text-align:justify"">7.8. Ap&oacute;s a assinatura do Contrato e a nomea&ccedil;&atilde;o do Gestor e Fiscais do Contrato, ser&aacute; realizada a Reuni&atilde;o Inicial de alinhamento com o objetivo de nivelar os entendimentos acerca das condi&ccedil;&otilde;es estabelecidas no Contrato, Edital e seus anexos, e esclarecer poss&iacute;veis d&uacute;vidas acerca da execu&ccedil;&atilde;o dos servi&ccedil;os.</p>

<p style=""text-align:justify"">7.9. A reuni&atilde;o ser&aacute; realizada em conformidade com o previsto no inciso I do Art. 31 da IN SGD/ME n&ordm; 94, de 2022, e ocorrer&aacute; em at&eacute; 10 (dez) dias &uacute;teis da assinatura do Contrato, podendo ser prorrogada a crit&eacute;rio da Contratante.</p>

<p style=""text-align:justify"">7.9.1. A pauta desta reuni&atilde;o observar&aacute;, pelo menos:</p>

<p style=""text-align:justify"">7.9.1.1.&nbsp;Presen&ccedil;a do representante legal da contratada, que apresentar&aacute; o seu preposto;</p>

<p style=""text-align:justify"">7.9.1.2.&nbsp;Entrega, por parte da Contratada, do Termo de Compromisso e dos Termos de Ci&ecirc;ncia;</p>

<p style=""text-align:justify"">7.9.1.3.&nbsp;esclarecimentos relativos a quest&otilde;es operacionais, administrativas e de gest&atilde;o do contrato;</p>

<p style=""text-align:justify"">7.9.1.4.&nbsp;A Carta de apresenta&ccedil;&atilde;o do Preposto dever&aacute; conter no m&iacute;nimo o nome completo e CPF do funcion&aacute;rio da empresa designado para acompanhar a execu&ccedil;&atilde;o do contrato e atuar como interlocutor principal junto &agrave; Contratante, incumbido de receber, diligenciar, encaminhar e responder as principais quest&otilde;es t&eacute;cnicas, legais e administrativas referentes ao andamento contratual;</p>

<p style=""text-align:justify"">7.9.1.5. Apresenta&ccedil;&atilde;o das declara&ccedil;&otilde;es/certificados do fabricante, comprovando que o produto ofertado possui a garantia solicitada neste termo de refer&ecirc;ncia.</p>

<p style=""text-align:justify""><strong>Fiscaliza&ccedil;&atilde;o</strong></p>

<p style=""text-align:justify"">7.10. A execu&ccedil;&atilde;o do contrato dever&aacute; ser acompanhada e fiscalizada pelo(s) fiscal(is) do contrato, ou pelos respectivos substitutos (Lei n&ordm; 14.133, de 2021, art. 117, caput) , nos termos do art. 33 da IN SGD n&ordm; 94 de 2022, da IN 209/2021/DG/PF no que couber e do Decreto 11.246/2022, observando-se, em especial, as rotinas a seguir.</p>

<p style=""text-align:justify""><strong>Fiscaliza&ccedil;&atilde;o T&eacute;cnica</strong></p>

<p style=""text-align:justify"">7.11. O fiscal t&eacute;cnico do contrato, al&eacute;m de exercer as atribui&ccedil;&otilde;es previstas no art. 33, II, da IN SGD n&ordm; 94, de 2022, acompanhar&aacute; a execu&ccedil;&atilde;o do contrato, para que sejam cumpridas todas as condi&ccedil;&otilde;es estabelecidas no contrato, de modo a assegurar os melhores resultados para a Administra&ccedil;&atilde;o. (Decreto n&ordm; 11.246, de 2022, art. 22, VI);</p>

<p style=""text-align:justify"">7.11.1. O fiscal t&eacute;cnico do contrato anotar&aacute; no hist&oacute;rico de gerenciamento do contrato todas as ocorr&ecirc;ncias relacionadas &agrave; execu&ccedil;&atilde;o do contrato, com a descri&ccedil;&atilde;o do que for necess&aacute;rio para a regulariza&ccedil;&atilde;o das faltas ou dos defeitos observados. (Lei n&ordm; 14.133, de 2021, art. 117, &sect;1&ordm;, e Decreto n&ordm; 11.246, de 2022, art. 22, II);</p>

<p style=""text-align:justify"">7.11.2. Identificada qualquer inexatid&atilde;o ou irregularidade, o fiscal t&eacute;cnico do contrato emitir&aacute; notifica&ccedil;&otilde;es para a corre&ccedil;&atilde;o da execu&ccedil;&atilde;o do contrato, determinando prazo para a corre&ccedil;&atilde;o. (Decreto n&ordm; 11.246, de 2022, art. 22, III);</p>

<p style=""text-align:justify"">7.11.3. O fiscal t&eacute;cnico do contrato informar&aacute; ao gestor do contato, em tempo h&aacute;bil, a situa&ccedil;&atilde;o que demandar decis&atilde;o ou ado&ccedil;&atilde;o de medidas que ultrapassem sua compet&ecirc;ncia, para que adote as medidas necess&aacute;rias e saneadoras, se for o caso. (Decreto n&ordm; 11.246, de 2022, art. 22, IV).</p>

<p style=""text-align:justify"">7.11.4.&nbsp;No caso de ocorr&ecirc;ncias que possam inviabilizar a execu&ccedil;&atilde;o do contrato nas datas aprazadas, o fiscal t&eacute;cnico do contrato comunicar&aacute; o fato imediatamente ao gestor do contrato. (Decreto n&ordm; 11.246, de 2022, art. 22, V).</p>

<p style=""text-align:justify"">7.11.5. O fiscal t&eacute;cnico do contrato comunicar&aacute; ao gestor do contrato, em tempo h&aacute;bil, o t&eacute;rmino do contrato sob sua responsabilidade, com vistas &agrave; renova&ccedil;&atilde;o tempestiva ou &agrave; prorroga&ccedil;&atilde;o contratual (Decreto n&ordm; 11.246, de 2022, art. 22, VII).</p>

<p style=""text-align:justify""><strong>Fiscaliza&ccedil;&atilde;o Administrativa</strong></p>

<p style=""text-align:justify"">7.12. O fiscal administrativo do contrato, al&eacute;m de exercer as atribui&ccedil;&otilde;es previstas no art. 33, IV, da IN SGD n&ordm; 94, de 2022, verificar&aacute; a manuten&ccedil;&atilde;o das condi&ccedil;&otilde;es de habilita&ccedil;&atilde;o do contratado, acompanhar&aacute; o empenho, o pagamento, as garantias, as glosas e a formaliza&ccedil;&atilde;o de apostilamento e termos aditivos, solicitando quaisquer documentos comprobat&oacute;rios pertinentes, caso necess&aacute;rio (Art. 23, I e II, do Decreto n&ordm; 11.246, de 2022).</p>

<p style=""text-align:justify"">7.13. O fiscal administrativo do contrato emitir&aacute; relat&oacute;rio que comprove o cumprimento das exig&ecirc;ncias de car&aacute;ter administrativo. (Art. 23, X, Decreto n&ordm; 11.246, de 2022);</p>

<p style=""text-align:justify"">7.13.1. Caso ocorra descumprimento das obriga&ccedil;&otilde;es contratuais, o fiscal administrativo do contrato atuar&aacute; tempestivamente na solu&ccedil;&atilde;o do problema, reportando ao gestor do contrato para que tome as provid&ecirc;ncias cab&iacute;veis, quando ultrapassar a sua compet&ecirc;ncia; (Decreto n&ordm; 11.246, de 2022, art. 23, IV).</p>

<p style=""text-align:justify""><strong>Gestor do Contrato</strong></p>

<p style=""text-align:justify"">7.14. O gestor do contrato, al&eacute;m de exercer as atribui&ccedil;&otilde;es previstas no art. 33, I, da IN SGD n&ordm; 94, de 2022, coordenar&aacute; a atualiza&ccedil;&atilde;o do processo de acompanhamento e fiscaliza&ccedil;&atilde;o do contrato contendo todos os registros formais da execu&ccedil;&atilde;o no hist&oacute;rico de gerenciamento do contrato, a exemplo da ordem de servi&ccedil;o, do registro de ocorr&ecirc;ncias, das altera&ccedil;&otilde;es e das prorroga&ccedil;&otilde;es contratuais, elaborando&nbsp;relat&oacute;rio com vistas &agrave; verifica&ccedil;&atilde;o da necessidade de adequa&ccedil;&otilde;es do contrato para fins de atendimento da finalidade da administra&ccedil;&atilde;o. (Decreto n&ordm; 11.246, de 2022, art. 21, IV).</p>

<p style=""text-align:justify"">7.15. O gestor do contrato acompanhar&aacute; os registros realizados pelos fiscais do contrato, de todas as ocorr&ecirc;ncias relacionadas &agrave; execu&ccedil;&atilde;o do contrato e as medidas adotadas, informando, se for o caso, &agrave; autoridade superior &agrave;quelas que ultrapassarem a sua compet&ecirc;ncia. (Decreto n&ordm; 11.246, de 2022, art. 21, II).</p>

<p style=""text-align:justify"">7.16. O gestor do contrato acompanhar&aacute; a manuten&ccedil;&atilde;o das condi&ccedil;&otilde;es de habilita&ccedil;&atilde;o do contratado, para fins de empenho de despesa e pagamento, e anotar&aacute; os problemas que obstem o fluxo normal da liquida&ccedil;&atilde;o e do pagamento da despesa no relat&oacute;rio de riscos eventuais. (Decreto n&ordm; 11.246, de 2022, art. 21, III).</p>

<p style=""text-align:justify"">7.17. O gestor do contrato emitir&aacute; documento comprobat&oacute;rio da avalia&ccedil;&atilde;o realizada pelos fiscais t&eacute;cnico, administrativo e setorial quanto ao cumprimento de obriga&ccedil;&otilde;es assumidas pelo contratado, com men&ccedil;&atilde;o ao seu desempenho na execu&ccedil;&atilde;o contratual, baseado nos indicadores objetivamente definidos e aferidos, e a eventuais penalidades aplicadas, devendo constar do cadastro de atesto de cumprimento de obriga&ccedil;&otilde;es. (Decreto n&ordm; 11.246, de 2022, art. 21, VIII).</p>

<p style=""text-align:justify"">7.18. O gestor do contrato tomar&aacute; provid&ecirc;ncias para a formaliza&ccedil;&atilde;o de processo administrativo de responsabiliza&ccedil;&atilde;o para fins de aplica&ccedil;&atilde;o de san&ccedil;&otilde;es, a ser conduzido pela comiss&atilde;o de que trata o art. 158 da Lei n&ordm; 14.133, de 2021, ou pelo agente ou pelo setor com compet&ecirc;ncia para tal, conforme o caso. (Decreto n&ordm; 11.246, de 2022, art. 21, X).</p>

<p style=""text-align:justify"">7.19. O gestor do contrato dever&aacute; elaborar&aacute; relat&oacute;rio final com informa&ccedil;&otilde;es sobre a consecu&ccedil;&atilde;o dos objetivos que tenham justificado a contrata&ccedil;&atilde;o e eventuais condutas a serem adotadas para o aprimoramento das atividades da Administra&ccedil;&atilde;o.(Decreto n&ordm; 11.246, de 2022, art. 21, VI).</p>

<p style=""text-align:justify"">7.20. O gestor do contrato dever&aacute; enviar a documenta&ccedil;&atilde;o pertinente ao setor competente para a formaliza&ccedil;&atilde;o dos procedimentos de liquida&ccedil;&atilde;o e pagamento, no valor dimensionado pela fiscaliza&ccedil;&atilde;o e gest&atilde;o nos termos do contrato.</p>
",11198625,8,MODELO DE GESTÃO DO CONTRATO,N,2023-08-24 10:18:19.730,2,2564022138
Edital,Excluído,2618770,2024,160292,1,10,COLEGIO MILITAR DO RIO DE JANEIRO/RJ,"160292/000005/2024",9371815,2,Edital de Pregão - menor preço,2024-08-21 10:16:40.853,"<p style=""text-align:justify"">2.1 O objeto trata da contrata&ccedil;&atilde;o de empresa para presta&ccedil;&atilde;o de servi&ccedil;o continuado de brigada de inc&ecirc;ndio (bombeiro civil), que compreender&aacute;, al&eacute;m da m&atilde;o de obra, o fornecimento de todos os insumos e materiais e o emprego dos equipamentos necess&aacute;rios &agrave; execu&ccedil;&atilde;o dos servi&ccedil;os para atua&ccedil;&atilde;o na Superintend&ecirc;ncia Regional no Distrito Federal do Arquivo Nacional - SUREG.</p>

<p style=""text-align:justify"">2.2. A contrata&ccedil;&atilde;o dos servi&ccedil;os de brigada de inc&ecirc;ndio justifica-se pela necessidade de preven&ccedil;&atilde;o e combate a inc&ecirc;ndio e p&acirc;nico, de evacua&ccedil;&atilde;o de &aacute;rea, de primeiros-socorros para prote&ccedil;&atilde;o &agrave; vida (pr&eacute;-hospitalar, de urg&ecirc;ncia e emerg&ecirc;ncia) e ao patrim&ocirc;nio, visando preservar em tempo integral as instala&ccedil;&otilde;es dos edif&iacute;cios e, substancialmente, a integridade f&iacute;sica da popula&ccedil;&atilde;o (servidores, prestadores de servi&ccedil;os e visitantes) que se utiliza das suas depend&ecirc;ncias, de forma permanente ou eventual.</p>

<p style=""text-align:justify"">2.3. No &acirc;mbito desta SUREG, os servi&ccedil;os s&atilde;o prestados atualmente atrav&eacute;s do Contrato n&ordm; 41/2022, firmado junto &agrave; empresa DEFENDER CONSERVA&Ccedil;&Atilde;O E LIMPEZA LTDA., CNPJ 09.370.244/0001-30, cuja vig&ecirc;ncia iniciou-se em 1&ordm; de junho de 2022, celebrado entre a citada signat&aacute;ria e&nbsp;o Minist&eacute;rio da Justi&ccedil;a e Seguran&ccedil;a P&uacute;blica - MJSP.</p>

<p style=""text-align:justify"">2.4. No dia 1&deg; de janeiro de 2023, foi publicado o Decreto 11.345 em que retirou este &Oacute;rg&atilde;o da estrutura do Minist&eacute;rio da Justi&ccedil;a e Seguran&ccedil;a P&uacute;blica - MJSP e o transferiu para o ent&atilde;o criado Minist&eacute;rio&nbsp;da Gest&atilde;o e da Inova&ccedil;&atilde;o em Servi&ccedil;os P&uacute;blicos - MGI, fazendo com que a gest&atilde;o da presta&ccedil;&atilde;o dos servi&ccedil;os partilhados e centralizados pelo MJSP ficasse prejudicada. Assim, faz-se necess&aacute;ria a realiza&ccedil;&atilde;o de contrata&ccedil;&atilde;o para que este &Oacute;rg&atilde;o passe a ser o titular da gest&atilde;o do contrato deste objeto.</p>

<p style=""text-align:justify"">2.5 Este &Oacute;rg&atilde;o n&atilde;o disp&otilde;e de recursos humanos, em seu quadro pessoal, para o atendimento das atividades a serem contratadas, de forma que, para o cumprimento da demanda, torna-se imprescind&iacute;vel a terceiriza&ccedil;&atilde;o dos servi&ccedil;os pretendidos, tendo em vista as particularidades e permitindo maior produtividade dos servidores do &oacute;rg&atilde;o no desempenho de suas atribui&ccedil;&otilde;es, conforme Decreto-Lei n&ordm; 200/67.</p>

<p style=""text-align:justify"">2.6. Al&eacute;m disso, as atividades previstas neste documento j&aacute; s&atilde;o desempenhadas de forma indireta na institui&ccedil;&atilde;o. Portanto, sua contrata&ccedil;&atilde;o justifica-se pela necessidade de assegurar a continuidade dos servi&ccedil;os atualmente prestados nas depend&ecirc;ncias da SUREG com objetivo de dar suporte, de forma qualificada, uma vez que as atividades est&atilde;o voltadas para o funcionamento das rotinas operacionais deste &Oacute;rg&atilde;o.</p>

<p style=""text-align:justify"">2.7. A Lei Distrital n&ordm; 4.204, de 05 de setembro de 2008, disp&otilde;e sobre a obrigatoriedade de implanta&ccedil;&atilde;o de brigadas de inc&ecirc;ndio em edifica&ccedil;&otilde;es, atividades e eventos, e, em seu art. 4&ordm;, regulamenta que:</p>

<p style=""margin-left:80px; text-align:justify"">&quot;Art. 4&ordm; &Eacute; obrigat&oacute;ria a presen&ccedil;a da brigada de inc&ecirc;ndio nas seguintes edifica&ccedil;&otilde;es:</p>

<p style=""margin-left:80px; text-align:justify"">(...)</p>

<p style=""margin-left:80px; text-align:justify"">IV &ndash; Comerciais, escrit&oacute;rios e p&uacute;blicas;</p>

<p style=""margin-left:80px; text-align:justify"">(...)</p>

<p style=""margin-left:80px; text-align:justify"">Par&aacute;grafo &uacute;nico. &Eacute; tamb&eacute;m obrigat&oacute;ria a presen&ccedil;a da brigada de inc&ecirc;ndio em atividades e eventos com concentra&ccedil;&atilde;o de p&uacute;blico.&quot;</p>

<p style=""text-align:justify"">2.8. No art. 5&ordm; da lei citada, &eacute; definida a quantidade necess&aacute;ria de bombeiros particulares (brigadistas):</p>

<p style=""margin-left:80px; text-align:justify"">Art. 5&ordm; Ficam os administradores de centros comerciais (shopping centers) e os propriet&aacute;rios, possuidores e respons&aacute;veis pelas edifica&ccedil;&otilde;es descritas nos incisos do art. 4&ordm; desta Lei obrigados a manter o quantitativo m&iacute;nimo de bombeiro particular (brigadista), a seguir definido:</p>

<p style=""margin-left:80px; text-align:justify""><strong>I &ndash; Em edifica&ccedil;&otilde;es residenciais transit&oacute;rias, hospitais, cl&iacute;nicas, escrit&oacute;rios, edifica&ccedil;&otilde;es p&uacute;blicas e comerciais, 2 (dois) bombeiros particulares (brigadistas) para at&eacute; 4 (quatro) pavimentos que n&atilde;o excedam a &aacute;rea somada de 10.000m (dez mil 2 metros quadrados):</strong></p>

<p style=""margin-left:80px; text-align:justify"">a) se a &aacute;rea somada dos 4 (quatro) pavimentos exceder a &aacute;rea estabelecida por este inciso, acrescentar-se-&aacute; uma dupla de bombeiros particulares (brigadistas);</p>

<p style=""margin-left:80px; text-align:justify"">b) a cada 4 (quatro) pavimentos ou fra&ccedil;&atilde;o, acrescentar-se-&aacute; uma dupla de bombeiros particulares (brigadistas), observando-se o limite de &aacute;rea previsto neste inciso;</p>

<p style=""margin-left:80px; text-align:justify"">c) a cada 10.000m&sup2; (dez mil metros quadrados) ou &aacute;rea excedente, acrescentar-se-&aacute; uma dupla de bombeiros particulares (brigadistas);</p>

<p style=""margin-left:80px; text-align:justify"">&sect; 1&ordm; Nos casos dos incisos VI e VII e do par&aacute;grafo &uacute;nico do artigo anterior, o quantitativo m&iacute;nimo de bombeiro civil ser&aacute; definido em Norma T&eacute;cnica expedida pelo Corpo de Bombeiros Militar do Distrito Federal, no prazo m&aacute;ximo de 60 (sessenta) dias ap&oacute;s a publica&ccedil;&atilde;o desta Lei.</p>

<p style=""margin-left:80px; text-align:justify"">&sect; 2&ordm; Se a edifica&ccedil;&atilde;o possuir duas ou mais caracter&iacute;sticas, o dimensionamento dever&aacute; ser feito para cada caracter&iacute;stica individualmente; se a edifica&ccedil;&atilde;o possuir mais de uma destina&ccedil;&atilde;o e uma ou mais possuir &aacute;rea inferior a 10.000m&sup2; (dez mil 2 metros quadrados), esta ser&aacute; avaliada pela destina&ccedil;&atilde;o de maior &aacute;rea.</p>

<p style=""margin-left:80px; text-align:justify""><strong>&sect; 3&ordm; Dever&aacute; ser mantida na edifica&ccedil;&atilde;o, fora do hor&aacute;rio comercial, pelo menos uma dupla de bombeiros particulares.</strong> (grifo nosso)</p>

<p style=""text-align:justify"">2.9. No entanto, o art. 6&ordm; disp&otilde;e que &quot;A crit&eacute;rio t&eacute;cnico do Corpo de Bombeiros Militar do Distrito Federal, poder&aacute; ser aumentado o n&uacute;mero de bombeiros particulares (brigadistas) nas edifica&ccedil;&otilde;es de que trata esta Lei&quot;, raz&atilde;o pela qual observa-se a Norma T&eacute;cnica n&ordm; 007/2011-CBMDF, quando do dimensionamento das brigadas de inc&ecirc;ndio.</p>

<p style=""text-align:justify"">2.10. Cita-se, ainda, a obrigatoriedade de cumprimento &agrave;s disposi&ccedil;&otilde;es do Decreto Distrital n&ordm; 21.361, de 20 de julho de 2000, publicado no Di&aacute;rio Oficial do Distrito Federal - DODF de 21 de julho de 2000, Lei n&ordm; 11.901, de 12 de janeiro de 2009, publicado no DOU de 13 de janeiro de 2009, e a necessidade deste &Oacute;rg&atilde;o dispor de mecanismos de preven&ccedil;&atilde;o e de emerg&ecirc;ncia atrav&eacute;s da implanta&ccedil;&atilde;o de Brigada de Inc&ecirc;ndio ou Bombeiros Civis, com adequada habilita&ccedil;&atilde;o profissional.</p>

<p style=""text-align:justify"">2.11. Como preceituado na Norma T&eacute;cnica 07/11 do Corpo de Bombeiros Militar do Distrito Federal - CBMDF, item 3.2, a defini&ccedil;&atilde;o de brigada de inc&ecirc;ndio &eacute; a seguinte:</p>

<p style=""margin-left:80px; text-align:justify"">&quot;3.2. Brigada de Inc&ecirc;ndio: Grupo organizado de pessoas (supervisor de brigada, chefe de brigada e brigadistas particulares e volunt&aacute;rios) treinados e capacitados para atuarem na seguran&ccedil;a contra inc&ecirc;ndio e p&acirc;nico dentro de uma edifica&ccedil;&atilde;o ou &aacute;rea preestabelecida;&quot;</p>

<p style=""text-align:justify"">2.12 DA NATUREZA CONTINUADA DO SERVI&Ccedil;O</p>

<p style=""text-align:justify"">2.12.1 Os servi&ccedil;os prestados de forma cont&iacute;nua s&atilde;o aqueles que, pela sua essencialidade, visam a atender &agrave; necessidade p&uacute;blica de forma permanente e cont&iacute;nua, por mais de um exerc&iacute;cio financeiro, assegurando a integridade do patrim&ocirc;nio p&uacute;blico ou o funcionamento das atividades final&iacute;sticas do &oacute;rg&atilde;o, de modo que sua interrup&ccedil;&atilde;o possa comprometer a presta&ccedil;&atilde;o de um servi&ccedil;o p&uacute;blico ou o cumprimento da miss&atilde;o institucional.</p>

<p style=""text-align:justify"">2.12.2. A contrata&ccedil;&atilde;o em tela tem natureza continuada por tratar de servi&ccedil;os necess&aacute;rios para o desempenho das atribui&ccedil;&otilde;es do &Oacute;rg&atilde;o, cuja interrup&ccedil;&atilde;o pode comprometer a continuidade das atividades da Administra&ccedil;&atilde;o, atividades estas que est&atilde;o voltadas ao funcionamento das rotinas administrativas e operacionais deste &oacute;rg&atilde;o.</p>

<p style=""text-align:justify"">2.12.3. Nesse sentido, a Instru&ccedil;&atilde;o Normativa do MPDG/SEGES n&ordm; 05/2017 (atualizada pela IN 40/20), que disp&otilde;e sobre regras e diretrizes para a contrata&ccedil;&atilde;o de servi&ccedil;os, continuados ou n&atilde;o, explica:</p>

<p style=""margin-left:80px; text-align:justify"">Art. 15. Os servi&ccedil;os prestados de forma cont&iacute;nua s&atilde;o aqueles que, pela sua essencialidade, visam atender &agrave; necessidade p&uacute;blica de forma permanente e cont&iacute;nua, por mais de um exerc&iacute;cio financeiro, assegurando a integridade do patrim&ocirc;nio p&uacute;blico ou o funcionamento das atividades final&iacute;sticas do &oacute;rg&atilde;o ou entidade, de modo que sua interrup&ccedil;&atilde;o possa comprometer a presta&ccedil;&atilde;o de um servi&ccedil;o p&uacute;blico ou o cumprimento da miss&atilde;o institucional.</p>

<p style=""text-align:justify"">2.12.4. Al&eacute;m de ser prestado de forma cont&iacute;nua, o objeto a ser contratado possui caracter&iacute;stica de servi&ccedil;o comum, nos termos da al&iacute;nea XIII do art. 6&ordm; da Lei 14.133, de 01 de abril de 2021, pois os padr&otilde;es de desempenho e qualidade podem ser objetivamente definidos pelo edital, por meio de especifica&ccedil;&otilde;es usuais de mercado.</p>

<p style=""text-align:justify"">2.12.5. Os servi&ccedil;os a serem contratados enquadram-se nos pressupostos do Decreto n&ordm; 9.507/2018 constituindo-se em atividades materiais acess&oacute;rias, instrumentais ou complementares &agrave; &aacute;rea de compet&ecirc;ncia legal do &oacute;rg&atilde;o licitante, n&atilde;o inerentes &agrave;s categorias funcionais abrangidas por seu respectivo plano de cargos.</p>

<p style=""text-align:justify"">2.12.6. Ressalta-se que presta&ccedil;&atilde;o do servi&ccedil;o pretendida n&atilde;o gera v&iacute;nculo empregat&iacute;cio entre os empregados da Contratada e a Administra&ccedil;&atilde;o Contratante, vedando-se qualquer rela&ccedil;&atilde;o entre estes que caracterize pessoalidade e subordina&ccedil;&atilde;o direta.</p>
",9371815,2,Descrição da necessidade,S,2023-03-23 15:10:03.750,2,3696690104
Edital,Em Edição,2895727,2024,158121,3,10,"INST.FED.DE EDUC.,CIÊNC.E TEC.DO NORTE DE MG","158121/000044/2024",10349596,4,Anexos,2024-11-05 08:17:29.743,"<p style=""text-align:justify""><span style=""font-size:18px"">Os equipamentos ser&atilde;o fornecidos de acordo com a demanda, pelo qual foi escolhido o Sistema de Registro de pre&ccedil;os, enquadrando-se no art. 3&deg;, Incisos II e V do Decreto 11.462/2023, por ser mais conveniente a aquisi&ccedil;&atilde;o dos materiais com previs&atilde;o de entregas parceladas e al&eacute;m de, pela pr&oacute;pria natureza do objeto, n&atilde;o ser poss&iacute;vel definir previamente o quantitativo exato a ser demandado pela Administra&ccedil;&atilde;o. O art. 21 do Decreto 11.462/2023 embasa esta escolha ao definir que &ldquo;<em>A exist&ecirc;ncia de pre&ccedil;os registrados implicar&aacute; compromisso de fornecimento nas condi&ccedil;&otilde;es estabelecidas, mas n&atilde;o obrigar&aacute; a Administra&ccedil;&atilde;o a contratar, facultada a realiza&ccedil;&atilde;o de licita&ccedil;&atilde;o espec&iacute;fica para a aquisi&ccedil;&atilde;o pretendida, desde que devidamente justificada</em>&rdquo;. Esta mesma defini&ccedil;&atilde;o &eacute; apresentado pelo art. 83 da Lei n&ordm; 14.133/2021.</span></p>

<p style=""text-align:justify""><span style=""font-size:18px"">O objeto licitado se enquadra na defini&ccedil;&atilde;o bens e servi&ccedil;os comuns conforme definido pelo art. 6&deg;, inciso XIII da Lei n&ordm; 14.133/2021, &quot;<em>aqueles cujos padr&otilde;es de desempenho e qualidade podem ser objetivamente definidos pelo edital, por meio de especifica&ccedil;&otilde;es usuais de mercado</em>&quot;.</span></p>

<p style=""text-align:justify""><span style=""font-size:18px"">Estima-se dura&ccedil;&atilde;o de 12 (doze) meses o per&iacute;odo m&aacute;ximo de vig&ecirc;ncia da Ata de Registro de Pre&ccedil;os.</span></p>

<p style=""text-align:justify""><span style=""font-size:18px"">Os equipamentos dever&atilde;o ser entregues no prazo m&aacute;ximo de 15 (quize) dias &uacute;teis, a contar do t&eacute;rmino do prazo para devolu&ccedil;&atilde;o da Nota de Empenho de Despesa, na Divis&atilde;o Odontol&oacute;gica do HACO, situada a Av. Guilherme Schell, 3.950, Bairro F&aacute;tima, CEP 92200-630, na cidade de Canoas/RS, de segunda a sexta-feira das 08h00 &agrave;s 17h00.</span></p>

<p style=""text-align:justify""><span style=""font-size:18px"">O fornecimento do objeto registrado na ATA de Registro de Pre&ccedil;o ser&aacute; efetuada por meio de nota de empenho emitida pelo(a) GRUPAMENTO DE APOIO DE CANOAS (GAP-CO), contendo: o n&uacute;mero da ata, o nome da empresa, o objeto e sua especifica&ccedil;&atilde;o.</span></p>

<p style=""text-align:justify""><span style=""font-size:18px"">A nota de empenho ser&aacute; encaminhada ao fornecedor atrav&eacute;s de e-mail e solicitada a confirma&ccedil;&atilde;o deste recebimento.&nbsp;</span></p>

<p style=""text-align:justify""><span style=""font-size:18px"">N&atilde;o ser&aacute; admitido pedido m&iacute;nimo para fornecimento, devendo a detentora do pre&ccedil;o registrado entregar a quantidade contida na nota de empenho.</span></p>

<p style=""text-align:justify""><span style=""font-size:18px"">Os equipamentos devem ser transportados em embalagens originais de f&aacute;brica, em acordo com as caracter&iacute;sticas espec&iacute;ficas do equipamento, detalhadas em suas pr&oacute;prias embalagens, a fim de n&atilde;o sofrerem danos.</span></p>

<p style=""text-align:justify""><span style=""font-size:18px"">Os equipamentos ser&atilde;o recebidos provisoriamente no prazo de 10 (dez) dias, pelo(a) respons&aacute;vel pelo acompanhamento e fiscaliza&ccedil;&atilde;o do contrato, para efeito de posterior verifica&ccedil;&atilde;o de sua conformidade com as especifica&ccedil;&otilde;es constantes no Termo de Refer&ecirc;ncia e na proposta.</span></p>

<p style=""text-align:justify""><span style=""font-size:18px"">Os bens poder&atilde;o ser rejeitados, no todo ou em parte, inclusive antes do recebimento provis&oacute;rio, quando em desacordo com as especifica&ccedil;&otilde;es constantes no Termo de Refer&ecirc;ncia e na proposta, devendo ser substitu&iacute;dos no prazo de 10 (dez) dias, a contar da notifica&ccedil;&atilde;o da contratada, &agrave;s suas custas, sem preju&iacute;zo da aplica&ccedil;&atilde;o das penalidades.</span></p>

<p style=""text-align:justify""><span style=""font-size:18px"">Os equipamentos ser&atilde;o recebidos definitivamente no prazo de 05 (cinco) dias, contados do recebimento provis&oacute;rio, ap&oacute;s a verifica&ccedil;&atilde;o da qualidade e quantidade e consequente aceita&ccedil;&atilde;o mediante termo circunstanciado.</span></p>

<p style=""text-align:justify""><span style=""font-size:18px"">Na hip&oacute;tese de a verifica&ccedil;&atilde;o a que se refere o par&aacute;grafo anterior n&atilde;o ser procedida dentro do prazo fixado, reputar-se-&aacute; como realizada, consumando-se o recebimento definitivo no dia do esgotamento do prazo.</span></p>

<p style=""text-align:justify""><span style=""font-size:18px"">O recebimento provis&oacute;rio ou definitivo do objeto n&atilde;o exclui a responsabilidade da contratada pelos preju&iacute;zos resultantes da incorreta execu&ccedil;&atilde;o do contrato.</span></p>

<p style=""text-align:justify""><span style=""font-size:18px"">A contratada dever&aacute; observar, no que couber, os crit&eacute;rios de sustentabilidade ambiental, de acordo com a Instru&ccedil;&atilde;o Normativa n&ordm; 01, de 19 de janeiro de 2010, da SLTI/MPOG.</span></p>

<p style=""text-align:justify""><span style=""font-size:18px"">O prazo de garantia &eacute; aquele estabelecido na Lei n&ordm; 8.078, de 11 de setembro de 1990 (C&oacute;digo de Defesa do Consumidor).</span></p>

<p style=""text-align:justify""><span style=""font-size:18px"">Os bens que apresentarem v&iacute;cio ou defeito no per&iacute;odo de vig&ecirc;ncia da garantia dever&atilde;o ser substitu&iacute;das por outras novas, de primeiro uso, e originais, que apresentem padr&otilde;es de qualidade e desempenho iguais ou superiores aos das pe&ccedil;as utilizadas na fabrica&ccedil;&atilde;o do equipamento. </span></p>

<p style=""text-align:justify""><span style=""font-size:18px"">Uma vez notificado, o Contratado realizar&aacute; a repara&ccedil;&atilde;o ou substitui&ccedil;&atilde;o dos bens que apresentarem v&iacute;cio ou defeito no prazo de at&eacute; 10 (dez) dias &uacute;teis, contados a partir da data de retirada do equipamento das depend&ecirc;ncias da Administra&ccedil;&atilde;o pelo Contratado ou pela assist&ecirc;ncia t&eacute;cnica autorizada. </span></p>

<p style=""text-align:justify""><span style=""font-size:18px"">O prazo indicado no subitem anterior, durante seu transcurso, poder&aacute; ser prorrogado uma &uacute;nica vez, por igual per&iacute;odo, mediante solicita&ccedil;&atilde;o escrita e justificada do Contratado, aceita pelo Contratante. </span></p>

<p style=""text-align:justify""><span style=""font-size:18px"">O custo referente ao transporte dos equipamentos cobertos pela garantia ser&aacute; de responsabilidade do Contratado.</span></p>
",10349596,4,Descrição dos Requisitos da Contratação,S,2023-05-12 09:54:48.485,2,1383808562
Edital,"13",3095889,2025,160328,13,10,LABORATORIO QUIMICO FARMACEUTICO DO EXERCITO,"160328/000003/2025",11018006,1,Informações Básicas,2025-01-22 10:05:06.441,"<p style=""text-align:justify""><span style=""font-size:11px""><span style=""font-family:Times New Roman,Times,serif""><strong><span style=""color:black"">5.1. Identifica&ccedil;&atilde;o da Necessidade da Contrata&ccedil;&atilde;o </span></strong></span></span></p>

<p style=""text-align:justify""><span style=""font-size:11px""><span style=""font-family:Times New Roman,Times,serif"">Os Col&eacute;gios Militares s&atilde;o organiza&ccedil;&otilde;es militares (OM) que funcionam como estabelecimentos de ensino (Estb Ens) de educa&ccedil;&atilde;o b&aacute;sica, com a finalidade de atender ao Ensino Preparat&oacute;rio e Assistencial. (art. 2&ordm;)</span></span></p>

<p style=""text-align:justify""><span style=""font-size:11px""><span style=""font-family:Times New Roman,Times,serif"">Faz-se necess&aacute;rio o preciso atendimento das duas vertentes de ensino aqui destacadas - a preparat&oacute;ria e a assistencial - bem como do car&aacute;ter imprescind&iacute;vel da articula&ccedil;&atilde;o entre elas, no intuito do melhor cumprimento da miss&atilde;o dos Col&eacute;gios Militares:</span></span></p>

<p style=""margin-left:120px; text-align:justify""><span style=""font-size:11px""><span style=""font-family:Times New Roman,Times,serif"">&quot;Os CM subordinam-se, diretamente, &agrave; Diretoria de Educa&ccedil;&atilde;o Preparat&oacute;ria e Assistencial (DEPA) e destinam-se a:</span></span></p>

<p style=""margin-left:120px; text-align:justify""><span style=""font-size:11px""><span style=""font-family:Times New Roman,Times,serif"">(...) II - capacitar os alunos para o ingresso em estabelecimentos de ensino militares, com prioridade para a Escola Preparat&oacute;ria de Cadetes do Ex&eacute;rcito (EsPCEX), e para institui&ccedil;&otilde;es civis de ensino superior&quot;</span></span></p>

<p style=""margin-left:120px; text-align:justify""><span style=""font-size:11px""><span style=""font-family:Times New Roman,Times,serif"">(&sect; 2&ordm;, art 2&ordm; do R-69) </span></span></p>

<p style=""margin-left:120px; text-align:justify""><span style=""font-size:11px""><span style=""font-family:Times New Roman,Times,serif"">&quot;(...) ministrar a educa&ccedil;&atilde;o b&aacute;sica, nos anos finais do ensino fundamental (do 6&ordm; ao 9&ordm; ano) e no ensino m&eacute;dio&quot; (art. 3&ordm;)</span></span></p>

<p style=""text-align:justify""><span style=""font-size:11px""><span style=""font-family:Times New Roman,Times,serif""><strong>A educa&ccedil;&atilde;o preparat&oacute;ria, </strong>neste sentido, prepara para a vida. Preparar para a vida &eacute; capacitar todos os discentes &agrave; busca &eacute;tica da felicidade e da realiza&ccedil;&atilde;o pessoal, entendendo como em aberto esta capacita&ccedil;&atilde;o. O ensino preparat&oacute;rio deve habilitar todos os alunos ao prosseguimento dos estudos, seja pelo despertar das voca&ccedil;&otilde;es militares &ndash; em especial para o ingresso na EsPCEx &ndash;, seja pela prepara&ccedil;&atilde;o aos processos seletivos ao ensino superior.</span></span></p>

<p style=""text-align:justify""><span style=""font-size:11px""><span style=""font-family:Times New Roman,Times,serif"">Este ensino deve, portanto, preparar para a sociedade do futuro, marcada pelo avan&ccedil;o tecnol&oacute;gico, pelo mercado de trabalho vol&aacute;til e competitivo, onde a posse do conhecimento n&atilde;o &eacute; suficiente, mas, tamb&eacute;m, a flexibilidade de seu emprego em conjun&ccedil;&atilde;o &agrave;s rela&ccedil;&otilde;es interpessoais.</span></span></p>

<p style=""text-align:justify""><span style=""font-size:11px""><span style=""font-family:Times New Roman,Times,serif""><strong>A educa&ccedil;&atilde;o assistencial </strong>remete &agrave; g&ecirc;nese e &agrave; justificativa do pr&oacute;prio SCMB: a busca do equacionamento das vicissitudes inerentes &agrave; profiss&atilde;o militar, das dificuldades impostas &agrave; fam&iacute;lia castrense que impactam o moral da tropa.</span></span></p>

<p style=""text-align:justify""><span style=""font-size:11px""><span style=""font-family:Times New Roman,Times,serif"">&Eacute; neste cen&aacute;rio que se inserem os Col&eacute;gios Militares, educand&aacute;rios fortemente ancorados nos valores &eacute;ticos e morais, nos costumes e nas tradi&ccedil;&otilde;es cultuados pelo Ex&eacute;rcito Brasileiro. &Eacute; deste somat&oacute;rio que emerge a identidade do Sistema, o diferencial capaz de gerar v&iacute;nculo, apego e sentimento de perten&ccedil;a aos Col&eacute;gios. Como estabelecimentos de ensino filiados aos c&oacute;digos do Ex&eacute;rcito, os Col&eacute;gios Militares sustentam-se sobre os mesmos pilares: a hierarquia e a disciplina. Esta peculiaridade, que os distinguem no todo maior da educa&ccedil;&atilde;o nacional, refor&ccedil;a a imagem que os Col&eacute;gios Militares vieram lapidando ao longo de mais de cento e vinte anos: sua marca particular.</span></span></p>

<p style=""text-align:justify""><span style=""font-size:11px""><span style=""font-family:Times New Roman,Times,serif"">O SCMB preocupa-se em formar jovens ativos e criativos, aut&ocirc;nomos e autores, providos de compet&ecirc;ncias, habilidades e de valores &eacute;ticos e morais cultuados pelo Ex&eacute;rcito Brasileiro, ou seja, indiv&iacute;duos mais respons&aacute;veis, atuantes e transformadores.</span></span></p>

<p style=""text-align:justify""><span style=""font-size:11px""><span style=""font-family:Times New Roman,Times,serif"">&Eacute; na articula&ccedil;&atilde;o eficaz da educa&ccedil;&atilde;o preparat&oacute;ria com a educa&ccedil;&atilde;o assistencial, em um ambiente identificado segundo os valores, costumes e tradi&ccedil;&atilde;o do Ex&eacute;rcito Brasileiro e apoiado sobre as mesmas hierarquia e disciplina que estruturam a For&ccedil;a Terrestre, que os Col&eacute;gios Militares cumprem sua miss&atilde;o de proporcionar educa&ccedil;&atilde;o b&aacute;sica a seus alunos.</span></span></p>

<p style=""text-align:justify""><span style=""font-size:11px""><span style=""font-family:Times New Roman,Times,serif"">As metas gerais relacionadas no Art. 4&ordm; do Regulamento dos Col&eacute;gios Militares (R-69), aprovado pela Portaria do Comandante do Ex&eacute;rcito n&ordm; 042 de 06 de fevereiro de 2008, sintetizam com precis&atilde;o a a&ccedil;&atilde;o educacional proposta para os Col&eacute;gios Militares:</span></span></p>

<p style=""margin-left:120px; text-align:justify""><span style=""font-size:11px""><span style=""font-family:Times New Roman,Times,serif"">&ldquo;I - permitir ao aluno desenvolver atitudes e incorporar valores familiares, sociais e patri&oacute;ticos que lhe assegurem um futuro de cidad&atilde;o patriota, c&ocirc;nscio de seus deveres, direitos e responsabilidades, qualquer que seja o campo profissional de sua prefer&ecirc;ncia;</span></span></p>

<p style=""margin-left:120px; text-align:justify""><span style=""font-size:11px""><span style=""font-family:Times New Roman,Times,serif"">II - propiciar ao aluno a busca e a pesquisa continuadas de informa&ccedil;&otilde;es relevantes;</span></span></p>

<p style=""margin-left:120px; text-align:justify""><span style=""font-size:11px""><span style=""font-family:Times New Roman,Times,serif"">III - desenvolver no aluno a vis&atilde;o cr&iacute;tica dos fen&ocirc;menos pol&iacute;ticos, econ&ocirc;micos, hist&oacute;ricos, sociais e cient&iacute;fico-tecnol&oacute;gicos, ensinando-os, pois, a aprender para a vida e n&atilde;o mais, simplesmente, para fazer provas;</span></span></p>

<p style=""margin-left:120px; text-align:justify""><span style=""font-size:11px""><span style=""font-family:Times New Roman,Times,serif"">IV - preparar o aluno para refletir e compreender os fen&ocirc;menos e n&atilde;o, meramente, memoriz&aacute;-los;</span></span></p>

<p style=""margin-left:120px; text-align:justify""><span style=""font-size:11px""><span style=""font-family:Times New Roman,Times,serif"">V - capacitar o aluno &agrave; absor&ccedil;&atilde;o de pr&eacute;-requisitos fundamentais ao prosseguimento dos estudos acad&ecirc;micos e n&atilde;o de conhecimentos sup&eacute;rfluos que se encerrem em si mesmos;</span></span></p>

<p style=""margin-left:120px; text-align:justify""><span style=""font-size:11px""><span style=""font-family:Times New Roman,Times,serif"">VI - estimular o aluno para a saud&aacute;vel pr&aacute;tica de atividade f&iacute;sica, buscando o seu desenvolvimento f&iacute;sico e incentivando a pr&aacute;tica habitual do esporte; e</span></span></p>

<p style=""margin-left:120px; text-align:justify""><span style=""font-size:11px""><span style=""font-family:Times New Roman,Times,serif"">VII - despertar voca&ccedil;&otilde;es para a carreira militar&rdquo;.</span></span></p>

<p style=""text-align:justify""><span style=""font-size:11px""><span style=""font-family:Times New Roman,Times,serif"">H&aacute; duas formas de ingresso nos Col&eacute;gios Militares: por concurso p&uacute;blico e por amparo regulamentar. Os concursos s&atilde;o realizados, anualmente, para o 6&ordm; Ano do Ensino Fundamental e para o 1&ordm; Ano do Ensino M&eacute;dio. A cada ano, concorrem, em m&eacute;dia, 22 mil candidatos, entre dependentes de militares e civis, que buscam o ingresso dentro de um dos 16 Col&eacute;gios Militares que integram o Sistema Col&eacute;gio Militar do Brasil.</span></span></p>

<p style=""text-align:justify""><span style=""font-size:11px""><span style=""font-family:Times New Roman,Times,serif"">O ingresso por amparo, especificado em regulamento, destina-se a atender os dependentes de militares, que sofrem os reflexos das obriga&ccedil;&otilde;es profissionais dos pais em raz&atilde;o das peculiaridades da carreira.</span></span></p>

<p style=""text-align:justify""><span style=""font-size:11px""><span style=""font-family:Times New Roman,Times,serif"">Nesse escopo, a qualidade do ensino apresentada pelo Col&eacute;gio Militar do Recife tem atra&iacute;do um n&uacute;mero crescente de candidatos ao ingresso no Sistema Col&eacute;gio Militar do Brasil, o que determina excel&ecirc;ncia no processo seletivo. </span></span></p>

<p style=""text-align:justify""><span style=""font-size:11px""><span style=""font-family:Times New Roman,Times,serif""><span style=""color:black"">N&atilde;o obstante, as atividades do concurso ensejam utiliza&ccedil;&atilde;o de tecnologia e desenvolvimento de sistemas que permitam a inscri&ccedil;&atilde;o, acompanhamento da mesma, confec&ccedil;&atilde;o do cart&atilde;o-resposta, processamento dos cart&otilde;es-respostas e a gera&ccedil;&atilde;o da classifica&ccedil;&atilde;o e demais relat&oacute;rios necess&aacute;rios para a execu&ccedil;&atilde;o do concurso de admiss&atilde;o. Outrossim, a impress&atilde;o dos cadernos de provas deve ser realizada de forma c&eacute;lere e com qualidade, garantindo-se a integridade e o sigilo das informa&ccedil;&otilde;es. </span></span></span></p>

<p style=""text-align:justify""><span style=""font-size:11px""><span style=""font-family:Times New Roman,Times,serif""><span style=""color:black"">3.1.1. Justificativa para a contrata&ccedil;&atilde;o</span></span></span></p>

<p style=""text-align:justify""><span style=""font-size:11px""><span style=""font-family:Times New Roman,Times,serif""><span style=""color:black"">As atividades visando a realiza&ccedil;&atilde;o do Concurso de Admiss&atilde;o do CMR 2023/2024 ensejam a utiliza&ccedil;&atilde;o de tecnologia e desenvolvimento de sistemas que permitam a inscri&ccedil;&atilde;o, acompanhamento da mesma, confec&ccedil;&atilde;o do cart&atilde;o-resposta, processamento dos cart&otilde;es-respostas, a gera&ccedil;&atilde;o da classifica&ccedil;&atilde;o e demais relat&oacute;rios necess&aacute;rios para a execu&ccedil;&atilde;o do concurso de admiss&atilde;o.</span></span></span></p>

<p style=""text-align:justify""><span style=""font-size:11px""><span style=""font-family:Times New Roman,Times,serif""><span style=""color:black"">Em assim, o Col&eacute;gio Militar do Recife necessita da contrata&ccedil;&atilde;o de empresa especializada para execu&ccedil;&atilde;o dos referidos servi&ccedil;os, tendo em vista a impossibilidade deste &oacute;rg&atilde;o execut&aacute;-los com meios org&acirc;nicos pr&oacute;prios, por n&atilde;o dispor de pessoal qualificado e especializado, bem como de equipamentos necess&aacute;rios para a execu&ccedil;&atilde;o do processamento de dados.</span></span></span></p>

<p style=""text-align:justify""><span style=""font-size:11px""><span style=""font-family:Times New Roman,Times,serif""><span style=""color:black"">A contrata&ccedil;&atilde;o especificada justifica-se, tendo em vista a qualifica&ccedil;&atilde;o solicitada para a empresa, proporcionando economicidade, celeridade e seguran&ccedil;a na presta&ccedil;&atilde;o do servi&ccedil;o, os quais serem licitados, contribuir&atilde;o para proporcionar n&iacute;veis elevados de qualidade e confiabilidade no certame. Tendo em vista o Contratante promover concurso p&uacute;blico para selecionar candidatos ao ingresso no ensino fundamental e m&eacute;dio, cresce a import&acirc;ncia e a necessidade da referida contrata&ccedil;&atilde;o para minimizar riscos no referido concurso.</span></span></span></p>

<p style=""text-align:justify""><span style=""font-size:11px""><span style=""font-family:Times New Roman,Times,serif""><span style=""color:black"">Ressalte-se que o Col&eacute;gio Militar do Recife<strong> n</strong></span>&atilde;o possui meios pr&oacute;prios para realizar a impress&atilde;o supracitada e necessita contratar empresa especializada no ramo para realizar o servi&ccedil;o em tela, dentro dos prazos, padr&otilde;es de seguran&ccedil;a, certifica&ccedil;&otilde;es e qualidade que a atividade requer</span></span></p>

<p style=""text-align:justify""><span style=""font-size:11px""><span style=""font-family:Times New Roman,Times,serif"">3.1.2. Justificativa para a ado&ccedil;&atilde;o do SRP, se for o caso.</span></span></p>

<p style=""text-align:justify""><span style=""font-size:11px""><span style=""font-family:Times New Roman,Times,serif""><span style=""color:#00000a"">Optou-se por utilizar o Sistema de Registro de Pre&ccedil;os devido &agrave; impossibilidade de previs&atilde;o do quantitativo de inscri&ccedil;&otilde;es, e por consequ&ecirc;ncia do n&uacute;mero exato de bem como prevendo o atendimento a mais de um &oacute;rg&atilde;o, especificamente outros Col&eacute;gios Militares, que anualmente realizam o mesmo concurso, em conformidade com o Art. 3&ordm;, Inc. II e V do Decreto 11.462, de 31 de mar&ccedil;o de 2023.</span></span></span></p>

<p style=""text-align:justify""><span style=""font-size:11px""><span style=""font-family:Times New Roman,Times,serif""><span style=""background-color:white""><span style=""color:black"">Sobre o Sistema de Registro de Pre&ccedil;os &ndash; SRP no processo de contrata&ccedil;&atilde;o pública, este pode refletir em uma série de vantagens para o órgão ou entidade que dele se utilizar. Uma das vantagens é o aumento da eficiência administrativa. A eficiência, além de ser um princípio norteador de toda a atividade administrativa quando inserida no contexto do SRP, passa a ter traços peculiares como a agilidade e a otimização nas contratações públicas. </span></span></span></span></p>

<p style=""text-align:justify""><span style=""font-size:11px""><span style=""font-family:Times New Roman,Times,serif""><span style=""background-color:white""><span style=""color:black"">O SRP permite ainda a celeridade nas aquisições dentro da estimativa orçamentária, gerando equilíbrio orçamentário e maior economicidade para ao órgão, no sentido de evitar estoques desnecessários. </span></span></span></span></p>

<p style=""text-align:justify""><span style=""font-size:11px""><span style=""font-family:Times New Roman,Times,serif""><span style=""background-color:white""><span style=""color:black"">Dos Benefícios da ado&ccedil;&atilde;o o SRP:</span></span></span></span></p>

<ul>
	<li style=""text-align:justify""><span style=""font-size:11px""><span style=""font-family:Times New Roman,Times,serif""><span style=""background-color:white""><span style=""background-color:white""><span style=""color:black"">Agilidade e otimização nas aquisições;</span></span></span></span></span></li>
	<li style=""text-align:justify""><span style=""font-size:11px""><span style=""font-family:Times New Roman,Times,serif""><span style=""background-color:white""><span style=""background-color:white""><span style=""color:black"">Equilíbrio orçamentário; </span></span></span></span></span></li>
	<li style=""text-align:justify""><span style=""font-size:11px""><span style=""font-family:Times New Roman,Times,serif""><span style=""background-color:white""><span style=""background-color:white""><span style=""color:black"">Melhor aproveitamento do espaço físico; e </span></span></span></span></span></li>
	<li style=""text-align:justify""><span style=""font-size:11px""><span style=""font-family:Times New Roman,Times,serif""><span style=""background-color:white""><span style=""background-color:white""><span style=""color:black"">Redução das quantidades estocadas, pois não gera estoques desnecessários em razão da possibilidade da compra parcelada. </span></span></span></span></span></li>
</ul>

<p style=""text-align:justify""><span style=""font-size:11px""><span style=""font-family:Times New Roman,Times,serif"">Contudo, a exist&ecirc;ncia de pre&ccedil;os registrados n&atilde;o obriga a Administra&ccedil;&atilde;o a adquirir todos os itens do registro de pre&ccedil;os, firmar as contrata&ccedil;&otilde;es que deles poder&atilde;o advir, facultando-se a realiza&ccedil;&atilde;o de licita&ccedil;&atilde;o específica para a aquisição pretendida, sendo assegurado ao beneficiário do Registro de Preços a preferência de fornecimento quando o preço oferecido na licitação espec&iacute;fica for igual ao preço registrado e os produtos atenderem as demais condições estabelecidas. </span></span></p>

<hr />
<p>&nbsp;</p>
",11018006,5,Descrição da necessidade,S,2023-05-29 11:22:35.217,2,71613935153
